method,input_bytes,GFLOPS
crude,1048576,inf
crude,2119936,inf
crude,4194304,inf
crude,8386816,inf
crude,16777216,66.119500
crude,33547264,112.286547
crude,67108864,61.002913
crude,134189056,90.460366
crude,268435456,73.842077
crude,4733440000,70.233403
