method,input_bytes,GFLOPS
reduction,1048576,130.342088
reduction,2119936,214.881595
reduction,4194304,335.136811
reduction,8386816,448.704015
reduction,16777216,616.084593
reduction,33547264,693.675598
reduction,67108864,649.514390
reduction,134189056,650.413009
reduction,268435456,694.674207
reduction,4733440000,508.189197
